2023-09-13 23:38:10,John40,facebook,Taken
2023-09-13 23:38:10,John40,twitter,Taken
2023-09-13 23:38:10,John40,instagram,Taken
2023-09-13 23:38:10,John40,snapchat,Available
2023-09-13 23:38:10,John40,tiktok,Taken
2023-09-13 23:38:10,John40,youtube,Available
2023-09-13 23:38:10,John40,discord,Available
2023-09-13 23:38:10,John40,guilded,Taken
2023-09-13 23:38:10,John40,pinterest,Taken
2023-09-13 23:38:10,John40,tumblr,Available
2023-09-13 23:38:10,John40,reddit,Taken
2023-09-13 23:38:10,John40,whatsapp,Available
2023-09-13 23:38:10,John40,kik,Available
2023-09-13 23:38:10,John40,wechat,Available
2023-09-13 23:38:10,John40,viber,Taken
2023-09-13 23:38:10,John40,quora,Taken
2023-09-13 23:38:10,John40,tinder,Taken
2023-09-13 23:38:10,John40,grindr,Available
2023-09-13 23:38:10,John40,hinge,Taken
2023-09-13 23:38:10,John40,bumble,Available
2023-09-13 23:38:10,John40,okcupid,Available
2023-09-13 23:38:10,John40,zoosk,Taken
2023-09-13 23:38:10,John40,replit,Available
2023-09-13 23:38:10,John40,github,Taken
2023-09-13 23:39:11,claim,facebook,Taken
2023-09-13 23:39:11,claim,twitter,Taken
2023-09-13 23:39:11,claim,instagram,Taken
2023-09-13 23:39:11,claim,snapchat,Available
2023-09-13 23:39:11,claim,tiktok,Taken
2023-09-13 23:39:11,claim,youtube,Taken
2023-09-13 23:39:11,claim,discord,Available
2023-09-13 23:39:11,claim,guilded,Taken
2023-09-13 23:39:11,claim,pinterest,Taken
2023-09-13 23:39:11,claim,tumblr,Taken
2023-09-13 23:39:11,claim,reddit,Taken
2023-09-13 23:39:11,claim,whatsapp,Available
2023-09-13 23:39:11,claim,kik,Available
2023-09-13 23:39:11,claim,wechat,Available
2023-09-13 23:39:11,claim,viber,Taken
2023-09-13 23:39:11,claim,quora,Taken
2023-09-13 23:39:11,claim,tinder,Taken
2023-09-13 23:39:11,claim,grindr,Available
2023-09-13 23:39:11,claim,hinge,Taken
2023-09-13 23:39:11,claim,bumble,Available
2023-09-13 23:39:11,claim,okcupid,Available
2023-09-13 23:39:11,claim,zoosk,Taken
2023-09-13 23:39:11,claim,replit,Available
2023-09-13 23:39:11,claim,github,Available
